"","D1a","D1b","D2a","D2b","D4a","D4b","D7a","D7b"
"OTU1",0.000518443632216087,0.000785340314136126,9.24983812783276e-05,8.18844337691405e-05,0.000120040813876718,6.99986000279994e-05,0.000146070698217937,7.28862973760933e-05
"OTU2",0.000466599268994479,0.000610820244328098,0.000554990287669966,0.00117367688402435,3.00102034691795e-05,0.000174996500069999,0,0.000182215743440233
"OTU3",0,0,0.000138747571917491,0,0,0,0,0
"OTU4",0.002384840708194,0.00247236765561373,0.0111460549440385,0.00614133253268554,0.00846287737830862,0.0359792804143917,0.0028045574057844,0.028097667638484
"OTU5",0.00207377452886435,0.00119255381035486,0.0107760614189252,0.0142751862870868,0.000360122441630154,0.000384992300153997,0.000438212094653812,0.000182215743440233
"OTU6",2.59221816108044e-05,0,0,0,0,0,0.00035056967572305,3.64431486880466e-05
"OTU7",7.77665448324131e-05,2.9086678301338e-05,0.000508741097030802,2.72948112563802e-05,0.000360122441630154,0.000139997200055999,0.00204498977505112,0.000619533527696793
"OTU8",0.00139979780698344,0.000814426992437464,0,0.000218358490051041,3.00102034691795e-05,0,2.92141396435875e-05,0.00065597667638484
"OTU9",0.00845063120512222,0.00945317044793485,0,8.18844337691405e-05,0.00150051017345898,0.00202995940081198,0.00213263219398189,0.00171282798833819
"OTU10",0,0,0,0,3.00102034691795e-05,0,0,0.00043731778425656
"OTU11",0,0,0,0.000191063678794661,0,6.99986000279994e-05,0.000438212094653812,0.00010932944606414
"OTU12",0.000648054540270109,8.7260034904014e-05,0.00254370548515401,0.000600485847640364,0.00450153052037693,0.00290494190116198,0.00102249488752556,0.0065597667638484
"OTU13",0.000155533089664826,0.000174520069808028,0.00198871519748404,0.000136474056281901,0.00177060200468159,0.000524989500209996,0.00230791703184341,0.00153061224489796
"OTU14",0,0,0,5.45896225127603e-05,0,0,0,0
"OTU15",0,0.000203606748109366,0,0.000327537735076562,0.000180061220815077,0.000279994400111998,0.00260005842827929,0.00120262390670554
"OTU16",0,0,9.24983812783276e-05,0,0,0,0,0
"OTU17",2.59221816108044e-05,0,0.000323744334474147,0,0.000210071424284257,0.000174996500069999,0.0011685655857435,0.000145772594752187
"OTU18",0.00279959561396687,0.000756253635834788,0.00610489316436962,0.00578649998635259,0.00390132645099334,0.00157496850062999,0.00896874087058136,0.0021865889212828
"OTU19",0.000544365813826892,0.000668993600930774,0.0130885209508834,0.0466741272484101,0.000420142848568513,0.00629987400251995,0.00035056967572305,0.0167638483965015
"OTU20",0.00173678616792389,0.00148342059336824,0.000878734622144112,0.00199252122171575,0.000480163255506872,0.00342993140137197,0.00321355536079462,0.00568513119533528
"OTU21",0.000699898903491718,0.00072716695753345,0.00596614559245213,0.00196522641045937,0.00426144889262349,0.0202995940081198,0.0035056967572305,0.0137390670553936
"OTU22",0.000362910542551261,0.000407213496218732,0.00157247248173157,0.00406692687720064,6.0020406938359e-05,0.000419991600167997,5.8428279287175e-05,0.000291545189504373
"OTU23",0,0,0.0011562297659791,0.00103720282774245,0.00063021427285277,0.00265994680106398,0,0.00266034985422741
"OTU24",5.18443632216087e-05,0.000465386852821408,4.62491906391638e-05,0.00100990801648607,0.000120040813876718,0.00174996500069999,8.76424189307625e-05,0.00102040816326531
"OTU25",7.77665448324131e-05,0,0.000739987050226621,5.45896225127603e-05,0.000750255086729488,3.49993000139997e-05,0.000204498977505112,0.000145772594752187
"OTU26",0,0,0.000277495143834983,0,0,0,0,0
"OTU27",0.00606579049692822,0.000843513670738802,0.00300619739154565,0.000136474056281901,0.00360122441630154,0.00937981240375193,0.00470347648261759,0.00801749271137026
"OTU28",0,0,0,0,6.0020406938359e-05,0.000244995100097998,0.000642711072158925,0.00065597667638484
"OTU29",0,0,0,0,0,0.000419991600167997,0,0.000182215743440233
"OTU30",0,0,0,8.18844337691405e-05,3.00102034691795e-05,6.99986000279994e-05,5.8428279287175e-05,0.000291545189504373
"OTU31",0.295098115457397,0.329115764979639,0.180556840255296,0.281655157354587,0.0555788968249205,0.0887932241355173,0.0783815366637453,0.0612244897959184
"OTU32",0,0,0,0.000191063678794661,0,0.000174996500069999,5.8428279287175e-05,0.000583090379008746
"OTU33",0.00959120719599761,0.0098022105875509,0,5.45896225127603e-05,0.00219074485325011,0.00328993420131597,0.00242477359041776,0.00171282798833819
"OTU34",2.59221816108044e-05,2.9086678301338e-05,9.24983812783276e-05,2.72948112563802e-05,0.000450153052037693,0.000769984600307994,0.000642711072158925,0.00065597667638484
"OTU35",0.000311066179329652,5.8173356602676e-05,0.000786236240865785,2.72948112563802e-05,0.000120040813876718,0.000489990200195996,0.000993280747881975,0.00010932944606414
"OTU36",0,0,0,0,0,3.49993000139997e-05,0,0.00032798833819242
"OTU37",0.00624724576820385,0.0152705061082024,0.0114697992785126,0.0188061249556459,0.0099633875517676,0.211185776284474,0.0513876716330704,0.13134110787172
"OTU38",0,0,0,0,0,0,0.000496640373940987,0.000182215743440233
"OTU39",0.000103688726443217,0.000232693426410704,0.00240495791323652,0.00196522641045937,0.00105035712142128,0.00615987680246395,0.000438212094653812,0.00393586005830904
"OTU40",0,0,0.0109610581814818,0.000272948112563802,0.00891303043034632,0.00314993700125997,0.0164767747589833,0.00619533527696793
"OTU41",0.000103688726443217,0.000116346713205352,0.000416242715752474,0.000245653301307421,0,3.49993000139997e-05,0,3.64431486880466e-05
"OTU42",0,0,0,0,0,3.49993000139997e-05,0.00105170902716915,7.28862973760933e-05
"OTU43",0.00661015631075511,0.00799883653286795,0.0132272685228009,0.0174686792040833,0.000930316307544565,0.00157496850062999,0.00192813321647677,0.00160349854227405
"OTU44",0,0,0,0.000163768867538281,0.000240081627753436,0.000279994400111998,0.000788781770376862,0.000473760932944606
"OTU45",0,0,0,0,0,0,0.000759567630733275,0
"OTU46",0.000207377452886435,0.00029086678301338,0,0,0.000120040813876718,3.49993000139997e-05,0,3.64431486880466e-05
"OTU47",0,0,0,0,0,3.49993000139997e-05,5.8428279287175e-05,3.64431486880466e-05
"OTU48",0.00334396142779376,0.00322862129144852,0.0148922393858107,0.0187788301443896,0.000720244883260309,0.000664986700265995,0.0009348524685948,0.000400874635568513
"OTU49",0.000103688726443217,2.9086678301338e-05,0.000462491906391638,0.000272948112563802,0.000120040813876718,0.000104997900041999,0.000613496932515337,7.28862973760933e-05
"OTU50",0.000673976721880914,0.000668993600930774,0,0,0.000150051017345898,0.000209995800083998,0.000321355536079462,0.00021865889212828
"OTU51",0.00282551779557768,0.000116346713205352,0.011562297659791,0.000545896225127603,0.0195066322549667,0.00181996360072799,0.0226117440841367,0.00517492711370262
"OTU52",0.000155533089664826,2.9086678301338e-05,4.62491906391638e-05,0.000245653301307421,0.000360122441630154,0.000209995800083998,0.000993280747881975,0.00043731778425656
"OTU53",0,0,0,0,3.00102034691795e-05,0,0.000175284837861525,3.64431486880466e-05
"OTU54",2.59221816108044e-05,0,0.000138747571917491,0,0.000690234679791129,0,0.0004674262342974,0.000364431486880466
"OTU55",0.000518443632216087,0.00043630017452007,0.00189621681620572,0.00335726178453476,6.0020406938359e-05,3.49993000139997e-05,0.000146070698217937,3.64431486880466e-05
"OTU56",0,0,0,0,0,0,0,0.000619533527696793
"OTU57",0.000622132358659305,0.000232693426410704,0.000878734622144112,0.00103720282774245,0.00060020406938359,0.00209995800083998,0.0039731229915279,0.00196793002915452
"OTU58",2.59221816108044e-05,0.000610820244328098,0.000369993525113311,0.000327537735076562,0.000210071424284257,0.00248495030099398,0.000438212094653812,0.00102040816326531
"OTU59",0,0,0,0,3.00102034691795e-05,0,0,0.000728862973760933
"OTU60",0.000259221816108044,0.000668993600930774,0.000462491906391638,0.000409422168845702,9.00306104075386e-05,0.000174996500069999,5.8428279287175e-05,3.64431486880466e-05
"OTU61",0,0,0,0,0,0,0.00035056967572305,3.64431486880466e-05
"OTU62",0,0,0,2.72948112563802e-05,6.0020406938359e-05,0.000139997200055999,0.000496640373940987,0.000801749271137026
"OTU63",2.59221816108044e-05,0,9.24983812783276e-05,0,0.000390132645099334,0,0.002337131171487,0
"OTU64",0,0,4.62491906391638e-05,2.72948112563802e-05,9.00306104075386e-05,0.000174996500069999,0.00207420391469471,0.000510204081632653
"OTU65",0.000440677087383674,5.8173356602676e-05,0.00504116177966886,0.00210170046674127,0.00771262229157914,0.00283494330113398,0.00274612912649722,0.00346209912536443
"OTU66",0,0,0,0,3.00102034691795e-05,0,0,0.000182215743440233
"OTU67",5.18443632216087e-05,8.7260034904014e-05,0.000647488668948293,0.000573191036383983,0.00138046935958226,0.00132997340053199,0.00245398773006135,0.00444606413994169
"OTU68",0.000440677087383674,0.000378126817917394,0.00060123947830913,0.000436716980102083,6.0020406938359e-05,3.49993000139997e-05,0.00011685655857435,0
"OTU69",0,0,4.62491906391638e-05,0,0.000120040813876718,0,0.00058428279287175,3.64431486880466e-05
"OTU70",5.18443632216087e-05,0,0.000231245953195819,0.000873433960204165,0,0,0,0
"OTU71",2.59221816108044e-05,0,4.62491906391638e-05,0.000163768867538281,0,0,0,0
"OTU72",0.000907276356378153,0.000465386852821408,0.00457866987327722,0.000382127357589322,0.00468159174119201,0.00601987960240795,0.0109845165059889,0.00612244897959184
"OTU73",0.00127018689892941,0.000959860383944154,0,0,0.000180061220815077,0.000594988100237995,0.000204498977505112,0.000145772594752187
"OTU74",0.000155533089664826,2.9086678301338e-05,0.00097123300342244,0,0.00129043874917472,0.000104997900041999,0.000438212094653812,3.64431486880466e-05
"OTU75",5.18443632216087e-05,0,0.000184996762556655,0.000163768867538281,3.00102034691795e-05,3.49993000139997e-05,2.92141396435875e-05,3.64431486880466e-05
"OTU76",0,0,0,0,0,0,0.000438212094653812,0
"OTU77",2.59221816108044e-05,0,0,0,0.000270091831222616,0,0.00318434122115104,7.28862973760933e-05
"OTU78",2.59221816108044e-05,5.8173356602676e-05,0.00138747571917491,8.18844337691405e-05,0.000330112238160975,0.000314993700125997,0.000438212094653812,0.00153061224489796
"OTU79",2.59221816108044e-05,0,4.62491906391638e-05,5.45896225127603e-05,3.00102034691795e-05,0.000139997200055999,0.0004674262342974,0.000364431486880466
"OTU80",0,0.000203606748109366,0,2.72948112563802e-05,0,3.49993000139997e-05,0,3.64431486880466e-05
"OTU81",0.000855431993156544,5.8173356602676e-05,4.62491906391638e-05,0.000218358490051041,9.00306104075386e-05,0.000209995800083998,0.00122699386503067,0.000182215743440233
"OTU82",2.59221816108044e-05,0,0.000369993525113311,0,0.000120040813876718,0,0,0
"OTU83",0,0,0,0,0.000120040813876718,0.000559988800223996,0.00125620800467426,0.00142128279883382
"OTU84",7.77665448324131e-05,8.7260034904014e-05,0.00143372490981408,0.000518601413871223,0.00270091831222616,0.00122497550048999,0.00122699386503067,0.00309766763848397
"OTU85",0.000103688726443217,0,0.000693737859587457,0.000109179245025521,0.000660224476321949,0.000174996500069999,0.00330119777972539,0.000145772594752187
"OTU86",0.000362910542551261,0.000668993600930774,0.000184996762556655,0.00144662499658815,0.000360122441630154,0.00143497130057399,0.000496640373940987,0.0005466472303207
"OTU87",2.59221816108044e-05,0,0,0.000136474056281901,0,3.49993000139997e-05,0,0
"OTU88",0,0,0,0.000109179245025521,0,0,0,0
"OTU89",0.000129610908054022,0.000378126817917394,0,0.00248382782433059,9.00306104075386e-05,0.00160996780064399,0.00035056967572305,0.00200437317784257
"OTU90",0,0,0,0,0,0,0.00245398773006135,0.00010932944606414
"OTU91",0.00855431993156544,2.9086678301338e-05,0.0286744981962816,0.00117367688402435,0.0529379989196327,0.00164496710065799,0.215366637452527,0.00123906705539359
"OTU92",0,0,0,0,0.000390132645099334,0,0,7.28862973760933e-05
"OTU93",0.0315472950203489,0.0337987201861547,0,5.45896225127603e-05,0.0063021427285277,0.00962480750384992,0.00858895705521472,0.00674198250728863
"OTU94",0,0,0,0.000191063678794661,0,0,0,0
"OTU95",0,0,0,0,0,0.000209995800083998,0,0.00131195335276968
"OTU96",0.000803587629934935,0,0.0108223106095643,0.000354832546332942,0.00636216313546606,0.000384992300153997,0.000525854513584575,0.00156705539358601
"OTU97",2.59221816108044e-05,0,0,0,0,0.000174996500069999,0.000204498977505112,0
"OTU98",2.59221816108044e-05,0,0.00254370548515401,0.00313890329448372,0,0,0,0
"OTU99",0,0,0,0,6.0020406938359e-05,3.49993000139997e-05,0.000613496932515337,0.000255102040816327
"OTU100",0.000751743266713327,0.000407213496218732,0.000878734622144112,0.000818844337691405,0.00492167336894544,0.00181996360072799,0.000876424189307625,0.00287900874635569
"OTU101",2.59221816108044e-05,0,4.62491906391638e-05,0,0.000180061220815077,0,0.000496640373940987,0
"OTU102",2.59221816108044e-05,0,9.24983812783276e-05,5.45896225127603e-05,0.000120040813876718,6.99986000279994e-05,0.000204498977505112,0.000583090379008746
"OTU103",0.000388832724162065,0.00014543339150669,0.000231245953195819,0.000218358490051041,0.000210071424284257,0.000594988100237995,0.00105170902716915,0.000400874635568513
"OTU104",0,0,0,0,3.00102034691795e-05,6.99986000279994e-05,0.000262927256792287,0.00032798833819242
"OTU105",0,0,4.62491906391638e-05,0.000136474056281901,0.000450153052037693,0.000524989500209996,0.00035056967572305,0.000692419825072886
"OTU106",0,0,9.24983812783276e-05,0.000300242923820182,0.000270091831222616,0.000314993700125997,0.0002337131171487,0.000911078717201166
"OTU107",0.00256629597946963,0.000814426992437464,0.0121635371381001,0.0030297240494582,0.0173458976051858,0.0100447991040179,0.0112182296231376,0.0134839650145773
"OTU108",0.000129610908054022,0,0,0,0.000240081627753436,0,0.00198656149576395,3.64431486880466e-05
"OTU109",0,0,0,0.000163768867538281,0,0,0,0
"OTU110",0.00453638178189076,0.00593368237347295,9.24983812783276e-05,0.000109179245025521,0.000690234679791129,0.00118997620047599,0.00122699386503067,0.0010932944606414
"OTU111",0,0,0,0,0,0,0.000438212094653812,0.000400874635568513
"OTU112",0.000181455271275631,5.8173356602676e-05,0.0021737119600407,0.000109179245025521,0.00204069383590421,0.000209995800083998,0.00262927256792287,0.0016399416909621
"OTU113",0.00041475490577287,0.000668993600930774,0,0,0,0.000244995100097998,0.000146070698217937,7.28862973760933e-05
"OTU114",0.00121834253570781,0.00110529377545084,0.0021737119600407,0.00433987498976445,0.000930316307544565,0.00433991320173597,0.0051416885772714,0.00583090379008746
"OTU115",0,0,0,0,0.000120040813876718,0,0.00011685655857435,0
"OTU116",0,0,0,0,0,6.99986000279994e-05,0,3.64431486880466e-05
"OTU117",2.59221816108044e-05,0,0,0.000245653301307421,0.000210071424284257,0.000174996500069999,0.000730353491089687,0.000911078717201166
"OTU118",0.000103688726443217,8.7260034904014e-05,0.000693737859587457,0.000682370281409504,3.00102034691795e-05,0.000104997900041999,0,3.64431486880466e-05
"OTU119",2.59221816108044e-05,0,0,2.72948112563802e-05,0.000150051017345898,3.49993000139997e-05,0.0009348524685948,0.000255102040816327
"OTU120",0,0,0,0,3.00102034691795e-05,3.49993000139997e-05,0.00464504820333041,0.0005466472303207
"OTU121",0.00230707416336159,0.00267597440372309,0.00707612616779206,0.00947129950596392,0.000450153052037693,0.000349993000139997,0.000438212094653812,0.000255102040816327
"OTU122",0.000129610908054022,8.7260034904014e-05,0.000138747571917491,0.000109179245025521,0,0,0,0
"OTU123",0.000233299634497239,0.00029086678301338,4.62491906391638e-05,0.000163768867538281,0.000180061220815077,3.49993000139997e-05,0.000146070698217937,0
"OTU124",7.77665448324131e-05,0.000116346713205352,0.000369993525113311,0.000272948112563802,0.000720244883260309,0.00129497410051799,0.00081799591002045,0.000983965014577259
"OTU125",0.000129610908054022,2.9086678301338e-05,0.00110998057533993,0.00283866037066354,6.0020406938359e-05,0.000139997200055999,0.000379783815366637,0.000983965014577259
"OTU126",7.77665448324131e-05,0,4.62491906391638e-05,0.000163768867538281,0,0,0,0
"OTU127",0,0.00014543339150669,9.24983812783276e-05,0.00717853536042798,0.000270091831222616,0.0400391992160157,0.0028045574057844,0.0300291545189504
"OTU128",0,0,0,0,0,6.99986000279994e-05,0.000292141396435875,0.000911078717201166
"OTU129",0,0,0,0,0,0.000139997200055999,0.00128542214431785,0.000692419825072886
"OTU130",0,0,0,0,0,6.99986000279994e-05,0.00157756354075372,7.28862973760933e-05
"OTU131",0,2.9086678301338e-05,0.000138747571917491,0,0.000510173458976052,0.000104997900041999,0.00160677768039731,0.000145772594752187
"OTU132",0.000103688726443217,5.8173356602676e-05,4.62491906391638e-05,0.000900728771460545,0.000120040813876718,0.000874982500349993,0.00035056967572305,0.00065597667638484
"OTU133",0,0,0,0,0.000270091831222616,6.99986000279994e-05,2.92141396435875e-05,0
"OTU134",0,5.8173356602676e-05,4.62491906391638e-05,0,0,0.000979980400391992,0,0.000983965014577259
"OTU135",0,0,4.62491906391638e-05,0,6.0020406938359e-05,3.49993000139997e-05,0.000555068653228162,0
"OTU136",0,0,0,0,0,0.000699986000279994,8.76424189307625e-05,0.00291545189504373
"OTU137",0,0,0.000138747571917491,0,0.0123942140327711,3.49993000139997e-05,0.00616418346479696,0.000619533527696793
"OTU138",0.0160199082354771,0,0.174498196281565,0.00649616507901848,0.418312226156893,0.0130197396052079,2.92141396435875e-05,0.155685131195335
"OTU139",0.00243668507141561,0.00349040139616056,0.00240495791323652,0.0118732428965254,0.00204069383590421,0.0255144897102058,0.00879345603271984,0.0188046647230321
"OTU140",0,0,0,0,0,0,0.00318434122115104,0.000364431486880466
"OTU141",0,0,0,0,0,0,0.000321355536079462,3.64431486880466e-05
"OTU142",0.000233299634497239,0.000174520069808028,4.62491906391638e-05,0.000627780658896744,0.000330112238160975,0.000139997200055999,0.000876424189307625,0.000510204081632653
"OTU143",0,0,9.24983812783276e-05,0,6.0020406938359e-05,6.99986000279994e-05,0.000204498977505112,0.00032798833819242
"OTU144",0,0,0,0,0,0,0.000788781770376862,0.000255102040816327
"OTU145",0,0,0.00097123300342244,0,0.00120040813876718,0.000279994400111998,0.00131463628396144,0.000473760932944606
"OTU146",0.0041475490577287,0.0014543339150669,0.0058736472111738,0.00559543630755793,0.0103235099933978,0.0155046899062019,0.0285130002921414,0.022631195335277
"OTU147",0,2.9086678301338e-05,4.62491906391638e-05,0.000600485847640364,6.0020406938359e-05,0.00475990480190396,2.92141396435875e-05,0.00368075801749271
"OTU148",0.00114057599087539,0.000698080279232112,0.00402367958560725,0.000518601413871223,0.00327111217814057,0.00482990340193196,0.0141104294478528,0.00561224489795918
"OTU149",0.201881950384944,0.207766143106457,0.000693737859587457,0.00141933018533177,0.0302202748934638,0.0582738345233095,0.0493426818580193,0.0383746355685131
"OTU150",0.00326619488296135,0.00261780104712042,0.0058736472111738,0.0235827169255125,0.00489166316547626,0.0241845163096738,0.004674262342974,0.0321793002915452
"OTU151",0.0095134406511652,0.00276323443862711,0.00480991582647304,0.00180145754292109,0.001170397935298,0.00776984460310794,0.00108092316681274,0.0016399416909621
"OTU152",0,0,9.24983812783276e-05,0,3.00102034691795e-05,0.000139997200055999,5.8428279287175e-05,0.000182215743440233
"OTU153",0.000518443632216087,0.000319953461314718,0.00332994172601979,0.000818844337691405,0.00456155092731529,0.00433991320173597,0.0107800175284838,0.00182215743440233
"OTU154",0,0,0,0,9.00306104075386e-05,0,0.00151913526146655,0
"OTU155",0.000129610908054022,0.000116346713205352,0,0,0,0,0.000175284837861525,0
"OTU156",0.000855431993156544,0.000232693426410704,0.00124872814725742,0.00117367688402435,0.00135045915611308,0.000769984600307994,0.00496640373940987,0.0027332361516035
"OTU157",0,0,0.000739987050226621,0,0.00120040813876718,3.49993000139997e-05,0.00178206251825884,0.00043731778425656
"OTU158",7.77665448324131e-05,5.8173356602676e-05,0,0.00193793159920299,0,0.000734985300293994,0.000146070698217937,0.00142128279883382
"OTU159",0,0,0,0,0,0,0,0.00142128279883382
"OTU160",0.0111465380926459,0.0106457242582897,0.0138747571917491,0.0222179763626935,0.00156053058039734,0.00304493910121798,0.00254163014899211,0.00145772594752187
"OTU161",0,0,0,0,0,0,0.000730353491089687,3.64431486880466e-05
"OTU162",0.000233299634497239,0.000349040139616056,0.000924983812783276,0.00106449763899883,3.00102034691795e-05,3.49993000139997e-05,2.92141396435875e-05,3.64431486880466e-05
"OTU163",0,0,4.62491906391638e-05,8.18844337691405e-05,0,0.000104997900041999,0.000262927256792287,3.64431486880466e-05
"OTU164",0,0,0,0,0,0,0.000408997955010225,0
"OTU165",0,0,0,0,0.000120040813876718,0.000244995100097998,0.00449897750511247,0.00149416909620991
"OTU166",5.18443632216087e-05,0,0.000184996762556655,0.000136474056281901,0.000150051017345898,0.000769984600307994,0.00195734735612036,0.0010932944606414
"OTU167",0.00606579049692822,0.00651541593949971,0.0142909999075016,0.006605344324044,0.0246683872516656,0.0431191376172477,0.0529652351738241,0.0391034985422741
"OTU168",0,0,0,0,0,3.49993000139997e-05,0.00058428279287175,0.00010932944606414
"OTU169",0.000233299634497239,0.000116346713205352,0.000416242715752474,0.000109179245025521,0.000570193865914411,0.000594988100237995,0.0112474437627812,0.00244169096209913
"OTU170",0,0,0,0.000191063678794661,0,0,0,0
"OTU171",2.59221816108044e-05,0.000116346713205352,0,5.45896225127603e-05,0,0,0,0
"OTU172",0.000311066179329652,5.8173356602676e-05,0.000138747571917491,0.000327537735076562,0.000840285697137027,0.00118997620047599,0.00222027461291265,0.00262390670553936
"OTU173",0,2.9086678301338e-05,0,0,3.00102034691795e-05,0.000139997200055999,0.000175284837861525,0.000291545189504373
"OTU174",7.77665448324131e-05,0.00014543339150669,0,0.00193793159920299,9.00306104075386e-05,0.000699986000279994,0.000408997955010225,0.000801749271137026
"OTU175",0.00241076288980481,0.00241419429901105,0.00351493848857645,0.00644157545650572,0.000120040813876718,0.000699986000279994,0.000262927256792287,0.000400874635568513
"OTU176",2.59221816108044e-05,0,0,0,0.000120040813876718,3.49993000139997e-05,0.000642711072158925,0.00010932944606414
"OTU177",2.59221816108044e-05,0,0,0,3.00102034691795e-05,0.000104997900041999,0.0002337131171487,0.00043731778425656
"OTU178",0,0,0,0,0,0.000174996500069999,2.92141396435875e-05,0.00021865889212828
"OTU179",0.000518443632216087,0.000319953461314718,0,0,0.000150051017345898,6.99986000279994e-05,0.000175284837861525,0.00010932944606414
"OTU180",0,0,0,2.72948112563802e-05,3.00102034691795e-05,0,0.0002337131171487,0
"OTU181",0.00181455271275631,0.00159976730657359,0.00184996762556655,0.00185604716543385,0.00111037752835964,0.00118997620047599,0.000730353491089687,0.00043731778425656
"OTU182",0,0,0,2.72948112563802e-05,0,0.000804983900321994,5.8428279287175e-05,0.000364431486880466
"OTU183",0,0,0.000416242715752474,0,0.000120040813876718,0.000209995800083998,0.00429447852760736,0.00189504373177843
"OTU184",0,0,0.000369993525113311,2.72948112563802e-05,6.0020406938359e-05,0,0,0
"OTU185",0,8.7260034904014e-05,0,0.000436716980102083,6.0020406938359e-05,0.00104997900041999,0.000292141396435875,0.000728862973760933
"OTU186",0.000362910542551261,0,0.00527240773286467,0,0.00501170397935298,0,0,0
"OTU187",0.000233299634497239,0.000174520069808028,0.000138747571917491,0.00215629008925403,6.0020406938359e-05,0,8.76424189307625e-05,7.28862973760933e-05
"OTU188",0,0,0,2.72948112563802e-05,0,3.49993000139997e-05,0,0.000291545189504373
"OTU189",5.18443632216087e-05,5.8173356602676e-05,0.000323744334474147,0.000245653301307421,0.000360122441630154,0.000244995100097998,0.00035056967572305,0.00102040816326531
"OTU190",0.000259221816108044,0.000261780104712042,0.000277495143834983,0.000191063678794661,9.00306104075386e-05,6.99986000279994e-05,8.76424189307625e-05,7.28862973760933e-05
"OTU191",0,0,0.000231245953195819,0,6.0020406938359e-05,3.49993000139997e-05,0,7.28862973760933e-05
"OTU192",0,0,4.62491906391638e-05,0,3.00102034691795e-05,0,0.00242477359041776,0.00010932944606414
"OTU193",7.77665448324131e-05,0.000174520069808028,0.000231245953195819,0.000382127357589322,3.00102034691795e-05,3.49993000139997e-05,5.8428279287175e-05,0
"OTU194",0,0,0,0,0,0,0.000379783815366637,0
"OTU195",0.000155533089664826,2.9086678301338e-05,0,0.000245653301307421,0,0,2.92141396435875e-05,3.64431486880466e-05
"OTU196",0.0150348653342665,0.0184409540430483,0.0205346406437887,0.0311160848322734,0.0211872036492407,0.0199496010079798,0.0180251241600935,0.0142857142857143
"OTU197",2.59221816108044e-05,2.9086678301338e-05,0,2.72948112563802e-05,9.00306104075386e-05,6.99986000279994e-05,0.000175284837861525,0.000364431486880466
"OTU198",0,0,0,0,0,0.000209995800083998,0,3.64431486880466e-05
"OTU199",0.000129610908054022,0.000232693426410704,0,0.000191063678794661,3.00102034691795e-05,3.49993000139997e-05,2.92141396435875e-05,3.64431486880466e-05
"OTU200",0.000207377452886435,0.000203606748109366,0,0,3.00102034691795e-05,0,2.92141396435875e-05,0
"OTU201",0,0,0.000184996762556655,0.000163768867538281,0.000150051017345898,6.99986000279994e-05,0.0002337131171487,0.00021865889212828
"OTU202",2.59221816108044e-05,5.8173356602676e-05,9.24983812783276e-05,0.000218358490051041,0.000210071424284257,0.000979980400391992,0.000642711072158925,0.00145772594752187
"OTU203",2.59221816108044e-05,0,0,0,0.000120040813876718,0.000174996500069999,2.92141396435875e-05,3.64431486880466e-05
"OTU204",0.000207377452886435,0.000261780104712042,0.000231245953195819,2.72948112563802e-05,3.00102034691795e-05,0,8.76424189307625e-05,0
"OTU205",0.172875029162454,0.176439790575916,0.168994542595505,0.241122362638862,0.0267691014945081,0.0498040039199216,0.0429447852760736,0.0315962099125364
"OTU206",0.00995411773854888,0.0114892379290285,9.24983812783276e-05,0.000163768867538281,0.00198067342896585,0.00325493490130197,0.00242477359041776,0.00222303206997085
"OTU207",0.0203748347460922,0.0131471785922048,0.0978170382018315,0.0744875399186615,0.108606926354961,0.108217835643287,0.0336839030090564,0.0700072886297376
"OTU208",7.77665448324131e-05,8.7260034904014e-05,0.000508741097030802,0.000382127357589322,0,0,0,0
"OTU209",7.77665448324131e-05,0,4.62491906391638e-05,0.000191063678794661,0.000540183662445231,0.000769984600307994,0.0039731229915279,0.00222303206997085
"OTU210",5.18443632216087e-05,0,0.000138747571917491,0.000354832546332942,6.0020406938359e-05,0.00164496710065799,0.0002337131171487,0.00021865889212828
"OTU211",5.18443632216087e-05,8.7260034904014e-05,9.24983812783276e-05,0,0.000120040813876718,0.000979980400391992,5.8428279287175e-05,0.000255102040816327
"OTU212",0.00458822614511237,0.00162885398487493,0.00305244658218481,0.00324808253950924,0.00186063261508913,0.00594988100237995,0.00330119777972539,0.0135568513119534
"OTU213",0,0,0,0,3.00102034691795e-05,3.49993000139997e-05,5.8428279287175e-05,3.64431486880466e-05
"OTU214",0.0144127329756072,0.0160558464223386,0.00911109055591527,0.0123372546878838,0.00210071424284257,0.00297494050118998,0.00292141396435875,0.00153061224489796
"OTU215",2.59221816108044e-05,0.000174520069808028,0,0.000136474056281901,0,0.00230995380092398,0,0.00411807580174927
"OTU216",0,0,0,5.45896225127603e-05,0.000120040813876718,0.000349993000139997,0.000847210049664037,0.00127551020408163
"OTU217",0.00754335484874407,0.00488656195462478,0.0226158542225511,0.0247836886207932,0.018216193505792,0.0380792384152317,0.0216184633362547,0.0332361516034985
"OTU218",0,0,9.24983812783276e-05,0,0.000210071424284257,0,0.00172363423897166,0.000145772594752187
"OTU219",0.000207377452886435,0,9.24983812783276e-05,0.000327537735076562,0.000300102034691795,0.000384992300153997,0.0009348524685948,0.00032798833819242
"OTU220",0.0163568965964176,0.0161431064572426,0,0.000163768867538281,0.00288097953304123,0.00451490970180596,0.00333041191936897,0.00298833819241982
"OTU221",0.000336988360940457,0,0.000786236240865785,5.45896225127603e-05,0.001170397935298,0.000244995100097998,0.00368098159509202,0.00123906705539359
"OTU222",0,0,0,0,0,0,0.000788781770376862,0
"OTU223",0.00197008580242113,0.00165794066317627,0.00171122005364906,0.00223817452302317,0.000300102034691795,0.000664986700265995,0.00035056967572305,0.00032798833819242
"OTU224",0.00186639707597791,0.00130890052356021,4.62491906391638e-05,0,0.000120040813876718,0.000454990900181996,0.000321355536079462,0.000364431486880466
"OTU225",0,0,0,5.45896225127603e-05,0,3.49993000139997e-05,0.00011685655857435,0.000182215743440233
"OTU226",0.00451045960027996,0.00119255381035486,0.010452317084451,0.01651336081011,0.00909309165116139,0.0146997060058799,0.0160385626643295,0.0255102040816327
"OTU227",0.000129610908054022,2.9086678301338e-05,0.000323744334474147,0.000109179245025521,0.000360122441630154,0.000174996500069999,0.000613496932515337,0.000291545189504373
"OTU228",5.18443632216087e-05,0,0.00180371843492739,0.000109179245025521,0.00237080607406518,0.000979980400391992,0.000847210049664037,0.00313411078717201
"OTU229",0,0,0,0,3.00102034691795e-05,0,0.000496640373940987,0.000145772594752187
"OTU230",0,0,0,0,0.000930316307544565,0.000139997200055999,0.0143149284253579,0.00389941690962099
"OTU231",0.0437825647406486,0.0521233275159977,0.00406992877624642,0.00655075470153124,0.00753256107076406,0.0108497830043399,0.00972830850131464,0.00849125364431487
"OTU232",0,0,0,0,0,0,8.76424189307625e-05,3.64431486880466e-05
"OTU233",5.18443632216087e-05,5.8173356602676e-05,0.000138747571917491,0.000163768867538281,3.00102034691795e-05,0,0,0
"OTU234",0,0,0,0,0.000180061220815077,0.000244995100097998,0.0172363423897166,0.00207725947521866
"OTU235",0,2.9086678301338e-05,0.000184996762556655,0,6.0020406938359e-05,0,0.0002337131171487,0.000182215743440233
"OTU236",0,0,0,0,0,0,0.0002337131171487,0
"OTU237",0,2.9086678301338e-05,0.00106373138470077,0.000136474056281901,0.00063021427285277,0.00101497970040599,0.00035056967572305,0.00076530612244898
"OTU238",0,0,0,0,3.00102034691795e-05,0,0.000379783815366637,7.28862973760933e-05
"OTU239",2.59221816108044e-05,2.9086678301338e-05,0,0.000136474056281901,3.00102034691795e-05,0.000314993700125997,5.8428279287175e-05,0.0005466472303207
"OTU240",0,0,0,8.18844337691405e-05,0,0,2.92141396435875e-05,0
"OTU241",0.00041475490577287,0.00029086678301338,0,0.000163768867538281,3.00102034691795e-05,3.49993000139997e-05,0,7.28862973760933e-05
"OTU242",0,0,0.000138747571917491,0,3.00102034691795e-05,0.000104997900041999,0,0.00149416909620991
"OTU243",0,0,0,0.000163768867538281,0.000180061220815077,3.49993000139997e-05,0.00242477359041776,0.000838192419825073
"OTU244",0,0.000261780104712042,0,8.18844337691405e-05,0,0,0,3.64431486880466e-05
"OTU245",0,0,0.000138747571917491,0,0,0,0,0
"OTU246",0.000103688726443217,2.9086678301338e-05,0,0.000327537735076562,0.000510173458976052,0.000909981800363993,0.00318434122115104,0.00120262390670554
"OTU247",0.00495113668766363,0.000465386852821408,0.00915733974655444,0.00283866037066354,0.0101734589760519,0.00342993140137197,0.0219982471516214,0.00138483965014577
"OTU248",0,0,0,0,0,0,0,0.000619533527696793
"OTU249",0.000103688726443217,2.9086678301338e-05,0.00060123947830913,8.18844337691405e-05,0.00129043874917472,0.000384992300153997,0.00780017528483786,0.00043731778425656
"OTU250",0,0.000116346713205352,0,0.000191063678794661,0.000150051017345898,0.00104997900041999,0.000613496932515337,0.00087463556851312
"OTU251",2.59221816108044e-05,0,0,0,6.0020406938359e-05,0.000104997900041999,2.92141396435875e-05,0.000983965014577259
"OTU252",0,0,0,0,9.00306104075386e-05,6.99986000279994e-05,0.000146070698217937,0.000145772594752187
"OTU253",0.000155533089664826,2.9086678301338e-05,0,0.000300242923820182,0.000150051017345898,0.000489990200195996,8.76424189307625e-05,7.28862973760933e-05
"OTU254",0,0,0,0,0,0,0,7.28862973760933e-05
"OTU255",5.18443632216087e-05,5.8173356602676e-05,9.24983812783276e-05,0.000818844337691405,0.000360122441630154,0.000629987400251995,0.00292141396435875,0.0010932944606414
"OTU256",0,0,0,0,0,3.49993000139997e-05,0.000408997955010225,0
